survey_year,borough,pct_active,pct_fairly_active,pct_inactive,respondents,weighted_base,source_file
2016-17,Barking and Dagenham,49.230649219654936,16.065856335577028,34.70349444476804,958.0,664.4182284189633,shannon
2016-17,Barnet,56.77808677044345,12.280309911112578,30.941603318443967,997.0,1324.6097997891995,shannon
2016-17,Bexley,56.7150839135566,17.347982331538788,25.936933754904608,498.0,869.8332704516226,shannon
2016-17,Brent,55.85979235208863,11.182239032562997,32.95796861534839,489.0,1142.779104632606,shannon
2016-17,Bromley,69.01634819528847,11.295236519855738,19.68841528485578,492.0,1137.3217071084846,shannon
2016-17,Camden,72.0925764613712,12.393416219197023,15.514007319431784,492.0,890.6687233524303,shannon
2016-17,City of London,68.43219560165367,14.591004360439822,16.976800037906518,249.0,36.58802525999149,shannon
2016-17,Croydon,60.65977875184606,14.522207968749568,24.818013279404365,501.0,1261.5880285431776,shannon
2016-17,Ealing,53.84024479799595,15.127906406638653,31.031848795365374,492.0,1123.0900037178558,shannon
2016-17,Enfield,57.51145542174213,11.839905698447582,30.648638879810285,1000.0,1118.4540644807864,shannon
2016-17,Greenwich,62.27536669045188,13.054547643887211,24.670085665660903,987.0,942.1663769733366,shannon
2016-17,Hackney,71.30209790631254,10.286429500209929,18.411472593477544,475.0,914.9936165870888,shannon
2016-17,Hammersmith and Fulham,69.83204006544078,10.581650576286474,19.586309358272747,489.0,644.1409974596531,shannon
2016-17,Haringey,64.23385075305546,12.569511607646186,23.196637639298352,992.0,963.56991392882,shannon
2016-17,Harrow,52.76382286943324,16.691097932549727,30.54507919801704,486.0,872.2896629902413,shannon
2016-17,Havering,57.329509100914855,12.578743481190433,30.09174741789472,494.0,874.1630973760894,shannon
2016-17,Hillingdon,59.83536330733836,13.7136264464055,26.451010246256143,494.0,1029.258234996952,shannon
2016-17,Hounslow,53.093027021775264,13.233061981117466,33.673910997107264,484.0,903.6198358069536,shannon
2016-17,Islington,67.61304602816215,14.335564207455931,18.05138976438193,488.0,859.1694637050091,shannon
2016-17,Kensington and Chelsea,67.98580033180035,8.592493794387881,23.421705873811767,501.0,574.1910281608227,shannon
2016-17,Kingston upon Thames,65.69454532623536,13.968768654632676,20.336686019131964,479.0,624.0471379505234,shannon
2016-17,Lambeth,68.26603519945772,10.99837715193966,20.73558764860261,1003.0,1160.6246386136104,shannon
2016-17,Lewisham,60.33072738547624,14.19045182217313,25.47882079235064,485.0,1044.608647311477,shannon
2016-17,Merton,65.8547353599497,15.315299386695544,18.829965253354747,496.0,731.9631479851656,shannon
2016-17,Newham,61.951867872627545,11.950708580761708,26.09742354661075,505.0,1139.1524276079535,shannon
2016-17,Redbridge,56.178875279391406,15.033466832538286,28.787657888070303,997.0,1009.453276393162,shannon
2016-17,Richmond upon Thames,69.34499406617107,12.40185650730492,18.25314942652401,503.0,686.7001750367649,shannon
2016-17,Southwark,69.09249793525146,10.270815127103775,20.636686937644757,500.0,1094.1860024813514,shannon
2016-17,Sutton,56.63497900224999,12.44974767624437,30.915273321505648,499.0,697.8329848408729,shannon
2016-17,Tower Hamlets,64.06448352945702,12.50963811812778,23.4258783524152,479.0,1083.4714806403176,shannon
2016-17,Waltham Forest,64.53767046374995,13.740464885091273,21.721864651158786,503.0,932.7601118637864,shannon
2016-17,Wandsworth,70.89148289890203,8.865911880496975,20.242605220600986,488.0,1131.7297918880358,shannon
2016-17,Westminster,66.53314752177037,15.201143235021467,18.265709243208157,502.0,923.2849068039528,shannon
2017-18,Barking and Dagenham,53.63688110790328,10.156971343717622,36.20614754837909,472.0,621.662376233036,shannon
2017-18,Barnet,64.49054933582026,12.54014237517264,22.96930828900712,494.0,1210.9967171927196,shannon
2017-18,Bexley,68.92275047393626,9.451319383537626,21.62593014252612,489.0,789.8823933512244,shannon
2017-18,Brent,59.64456576582259,10.554170795789933,29.801263438387476,506.0,1032.8438435595006,shannon
2017-18,Bromley,63.77619209653356,12.818702301652324,23.405105601814107,484.0,1057.9780973817385,shannon
2017-18,Camden,70.65628123795078,12.47307363709888,16.870645124950347,513.0,849.1683957857102,shannon
2017-18,City of London,72.96816410003619,9.479776249511552,17.55205965045227,233.0,26.64044207934503,shannon
2017-18,Croydon,62.97113851167882,11.762302241627664,25.26655924669351,498.0,1207.699983414614,shannon
2017-18,Ealing,64.86085715753745,10.939939756597514,24.199203085865047,495.0,1059.6060369666377,shannon
2017-18,Enfield,59.69726960322627,11.453450285700988,28.84928011107276,499.0,1030.1484729304711,shannon
2017-18,Greenwich,64.71715450010755,13.58154165056297,21.70130384932945,488.0,868.1142081305102,shannon
2017-18,Hackney,69.08667597819071,11.42709867775172,19.48622534405757,538.0,886.615989178979,shannon
2017-18,Hammersmith and Fulham,66.6067241883872,9.97620994272836,23.41706586888444,489.0,612.1943855532177,shannon
2017-18,Haringey,65.22833656657484,12.374778297399772,22.396885136025386,502.0,834.2033541449156,shannon
2017-18,Harrow,57.16886148037115,12.068012608099291,30.76312591152957,510.0,806.340730131989,shannon
2017-18,Havering,60.96139798055054,13.52034294539301,25.518259074056463,509.0,825.2848434383804,shannon
2017-18,Hillingdon,55.77605104238573,13.192502491456398,31.031446466157877,500.0,938.2577373599638,shannon
2017-18,Hounslow,59.98129130153783,11.623369544460877,28.3953391540013,489.0,855.3879214824417,shannon
2017-18,Islington,75.18122249212462,8.391183160983834,16.427594346891542,484.0,772.3709400164514,shannon
2017-18,Kensington and Chelsea,71.96779336821393,7.473595671065233,20.55861096072084,519.0,525.0644027922524,shannon
2017-18,Kingston upon Thames,67.6539175296999,12.147332280632511,20.198750189667606,480.0,553.7555336305151,shannon
2017-18,Lambeth,70.84123439839965,11.371674961799144,17.787090639801203,504.0,1038.2646283194154,shannon
2017-18,Lewisham,68.4167315814228,13.320850306704754,18.26241811187245,480.0,949.8625066442344,shannon
2017-18,Merton,68.59865663557233,10.877510524170944,20.523832840256738,495.0,656.9877871341755,shannon
2017-18,Newham,51.11547424412508,15.486173995471864,33.398351760403045,498.0,1089.6379654317402,shannon
2017-18,Redbridge,57.55011635893488,12.814169931669923,29.635713709395198,483.0,945.3803245400396,shannon
2017-18,Richmond upon Thames,73.0727161159546,11.374027904633376,15.553255979412024,499.0,628.2591004902413,shannon
2017-18,Southwark,72.32066892459183,11.146499988860926,16.53283108654724,520.0,1022.44856165388,shannon
2017-18,Sutton,54.191682284471,16.41825417937122,29.39006353615779,500.0,646.715214778045,shannon
2017-18,Tower Hamlets,66.41701999684048,11.271391735883093,22.31158826727643,522.0,962.4055314375148,shannon
2017-18,Waltham Forest,60.97166413018725,11.130186989272197,27.89814888054056,485.0,854.3623192864559,shannon
2017-18,Wandsworth,73.82206832711704,9.82011386632061,16.357817806562377,514.0,1040.0062187754927,shannon
2017-18,Westminster,69.06529509573085,10.376510769774468,20.558194134494705,509.0,822.1560015848621,shannon
2018-19,Barking and Dagenham,50.1,10.3,39.6,494.0,621.7,shameem
2018-19,Barnet,60.7,15.1,24.2,471.0,1210.7,shameem
2018-19,Bexley,63.9,10.6,25.5,489.0,798.6,shameem
2018-19,Brent,57.6,12.1,30.4,502.0,1056.7,shameem
2018-19,Bromley,70.6,9.8,19.6,487.0,1068.9,shameem
2018-19,Camden,69.6,13.7,16.7,491.0,892.5,shameem
2018-19,City of London,82.6,6.2,11.2,259.0,30.5,shameem
2018-19,Croydon,62.8,13.7,23.6,487.0,1224.8,shameem
2018-19,Ealing,59.1,15.7,25.2,490.0,1071.9,shameem
2018-19,Enfield,68.5,12.6,18.8,492.0,1030.4,shameem
2018-19,Greenwich,63.7,14.0,22.3,486.0,890.9,shameem
2018-19,Hackney,67.6,10.2,22.3,497.0,890.3,shameem
2018-19,Hammersmith and Fulham,73.1,8.9,18.1,506.0,606.9,shameem
2018-19,Haringey,68.9,11.4,19.8,495.0,860.3,shameem
2018-19,Harrow,63.9,12.1,24.0,482.0,781.0,shameem
2018-19,Havering,64.9,11.9,23.2,507.0,847.2,shameem
2018-19,Hillingdon,60.1,15.3,24.6,506.0,929.3,shameem
2018-19,Hounslow,64.4,11.7,23.9,523.0,843.8,shameem
2018-19,Islington,75.3,8.1,16.6,491.0,794.8,shameem
2018-19,Kensington and Chelsea,69.6,9.6,20.8,481.0,529.8,shameem
2018-19,Kingston upon Thames,71.3,13.1,15.7,502.0,559.1,shameem
2018-19,Lambeth,72.9,8.5,18.6,499.0,1065.8,shameem
2018-19,Lewisham,72.2,9.7,18.1,512.0,976.3,shameem
2018-19,Merton,68.6,12.0,19.4,511.0,648.3,shameem
2018-19,Newham,58.6,12.0,29.4,481.0,1083.5,shameem
2018-19,Redbridge,60.3,14.9,24.8,486.0,938.8,shameem
2018-19,Richmond upon Thames,75.1,9.6,15.3,506.0,639.0,shameem
2018-19,Southwark,70.1,7.1,22.8,503.0,1035.1,shameem
2018-19,Sutton,71.3,10.9,17.8,534.0,655.7,shameem
2018-19,Tower Hamlets,67.9,10.3,21.8,510.0,993.7,shameem
2018-19,Waltham Forest,69.4,10.3,20.2,472.0,863.2,shameem
2018-19,Wandsworth,79.6,7.8,12.6,495.0,1097.5,shameem
2018-19,Westminster,71.1,8.5,20.4,501.0,853.1,shameem
2019-20,Barking and Dagenham,55.8,12.9,31.3,488.0,610.7,shameem
2019-20,Barnet,62.9,12.3,24.7,493.0,1211.3,shameem
2019-20,Bexley,58.7,12.6,28.7,495.0,767.8,shameem
2019-20,Brent,59.9,11.3,28.8,532.0,1010.3,shameem
2019-20,Bromley,73.8,8.8,17.3,488.0,1048.7,shameem
2019-20,Camden,65.4,10.7,23.9,492.0,853.1,shameem
2019-20,City of London,62.2,10.5,27.3,273.0,29.2,shameem
2019-20,Croydon,62.0,9.6,28.3,486.0,1182.3,shameem
2019-20,Ealing,62.3,12.6,25.1,507.0,1031.0,shameem
2019-20,Enfield,61.7,11.5,26.8,493.0,1016.4,shameem
2019-20,Greenwich,66.7,9.0,24.4,503.0,866.8,shameem
2019-20,Hackney,73.1,10.2,16.7,533.0,872.3,shameem
2019-20,Hammersmith and Fulham,75.1,8.7,16.2,497.0,604.2,shameem
2019-20,Haringey,68.9,7.3,23.8,502.0,857.1,shameem
2019-20,Harrow,57.6,12.7,29.7,499.0,776.3,shameem
2019-20,Havering,58.0,11.9,30.1,478.0,814.8,shameem
2019-20,Hillingdon,62.6,7.8,29.6,490.0,924.5,shameem
2019-20,Hounslow,60.5,13.2,26.3,503.0,824.6,shameem
2019-20,Islington,73.6,8.3,18.1,517.0,799.8,shameem
2019-20,Kensington and Chelsea,72.0,11.7,16.3,503.0,510.1,shameem
2019-20,Kingston upon Thames,71.4,10.7,17.8,502.0,549.9,shameem
2019-20,Lambeth,74.7,11.2,14.1,486.0,1062.7,shameem
2019-20,Lewisham,68.9,13.4,17.7,539.0,934.3,shameem
2019-20,Merton,66.0,13.6,20.4,520.0,643.1,shameem
2019-20,Newham,53.2,12.3,34.5,508.0,1060.7,shameem
2019-20,Redbridge,54.4,14.0,31.7,523.0,933.1,shameem
2019-20,Richmond upon Thames,73.6,8.2,18.1,517.0,620.4,shameem
2019-20,Southwark,70.7,8.4,20.9,528.0,1006.8,shameem
2019-20,Sutton,67.3,8.7,24.0,486.0,628.4,shameem
2019-20,Tower Hamlets,62.8,8.1,29.1,504.0,988.8,shameem
2019-20,Waltham Forest,64.8,11.4,23.8,505.0,852.4,shameem
2019-20,Wandsworth,71.6,9.8,18.6,498.0,1067.7,shameem
2019-20,Westminster,62.0,11.7,26.4,476.0,836.1,shameem
2020-21,Barking and Dagenham,53.5,12.2,34.3,516.0,611.2,simrith_2021
2020-21,Barnet,65.4,11.8,22.8,512.0,1207.4,simrith_2021
2020-21,Bexley,59.4,14.5,26.1,497.0,779.5,simrith_2021
2020-21,Brent,57.2,11.9,30.8,507.0,999.8,simrith_2021
2020-21,Bromley,70.7,10.1,19.3,495.0,1055.2,simrith_2021
2020-21,Camden,69.2,8.7,22.1,506.0,882.4,simrith_2021
2020-21,City of London,48.2,13.9,38.0,312.0,32.6,simrith_2021
2020-21,Croydon,63.1,12.1,24.8,503.0,1159.9,simrith_2021
2020-21,Ealing,61.1,10.1,28.8,508.0,1037.6,simrith_2021
2020-21,Enfield,62.5,11.8,25.7,488.0,1006.3,simrith_2021
2020-21,Greenwich,66.6,7.6,25.7,495.0,879.8,simrith_2021
2020-21,Hackney,69.2,6.6,24.1,484.0,868.0,simrith_2021
2020-21,Hammersmith and Fulham,74.9,8.1,17.0,477.0,599.9,simrith_2021
2020-21,Haringey,65.6,10.8,23.6,485.0,832.4,simrith_2021
2020-21,Harrow,60.8,12.3,27.0,496.0,779.0,simrith_2021
2020-21,Havering,61.4,11.4,27.2,475.0,807.1,simrith_2021
2020-21,Hillingdon,56.5,10.7,32.8,490.0,932.4,simrith_2021
2020-21,Hounslow,57.6,13.3,29.1,538.0,826.8,simrith_2021
2020-21,Islington,73.6,9.6,16.8,525.0,791.6,simrith_2021
2020-21,Kensington and Chelsea,67.9,9.6,22.5,502.0,504.2,simrith_2021
2020-21,Kingston upon Thames,69.6,9.8,20.5,478.0,559.1,simrith_2021
2020-21,Lambeth,71.9,9.3,18.8,526.0,1041.6,simrith_2021
2020-21,Lewisham,70.7,12.3,17.0,491.0,952.4,simrith_2021
2020-21,Merton,68.9,11.9,19.2,491.0,635.4,simrith_2021
2020-21,Newham,58.3,10.9,30.8,503.0,1037.5,simrith_2021
2020-21,Redbridge,57.7,11.1,31.2,509.0,916.5,simrith_2021
2020-21,Richmond upon Thames,74.0,8.2,17.8,497.0,621.5,simrith_2021
2020-21,Southwark,71.6,7.1,21.2,495.0,1008.2,simrith_2021
2020-21,Sutton,61.8,9.6,28.6,532.0,631.5,simrith_2021
2020-21,Tower Hamlets,59.2,12.6,28.3,486.0,988.2,simrith_2021
2020-21,Waltham Forest,61.1,13.5,25.3,505.0,846.6,simrith_2021
2020-21,Wandsworth,76.0,7.2,16.9,525.0,1057.7,simrith_2021
2020-21,Westminster,64.6,13.8,21.6,491.0,862.8,simrith_2021
2021-22,Barking and Dagenham,56.6,7.5,35.9,519.0,604.3,melissa
2021-22,Barnet,65.5,12.4,22.1,506.0,1244.6,melissa
2021-22,Bexley,63.6,11.9,24.5,487.0,764.1,melissa
2021-22,Brent,59.9,11.3,28.8,512.0,1010.1,melissa
2021-22,Bromley,73.5,7.6,18.9,491.0,1038.9,melissa
2021-22,Camden,71.2,9.5,19.3,503.0,906.6,melissa
2021-22,City of London,36.8,20.1,43.1,243.0,35.9,melissa
2021-22,Croydon,63.0,13.0,24.0,497.0,1175.4,melissa
2021-22,Ealing,66.8,11.5,21.7,485.0,1040.3,melissa
2021-22,Enfield,61.6,9.2,29.2,506.0,998.9,melissa
2021-22,Greenwich,61.6,12.4,26.0,496.0,866.3,melissa
2021-22,Hackney,70.9,9.8,19.3,513.0,873.4,melissa
2021-22,Hammersmith and Fulham,73.8,7.0,19.2,533.0,586.5,melissa
2021-22,Haringey,68.0,11.8,20.2,490.0,814.2,melissa
2021-22,Harrow,62.5,9.4,28.1,518.0,785.0,melissa
2021-22,Havering,62.0,10.6,27.3,515.0,809.0,melissa
2021-22,Hillingdon,64.8,8.6,26.5,485.0,932.9,melissa
2021-22,Hounslow,61.1,7.6,31.3,496.0,811.3,melissa
2021-22,Islington,71.3,11.0,17.7,515.0,806.7,melissa
2021-22,Kensington and Chelsea,63.5,12.9,23.6,512.0,508.4,melissa
2021-22,Kingston upon Thames,74.5,11.1,14.5,491.0,562.7,melissa
2021-22,Lambeth,69.4,9.0,21.6,501.0,1027.9,melissa
2021-22,Lewisham,71.8,11.2,17.0,517.0,936.0,melissa
2021-22,Merton,66.4,8.6,25.0,497.0,625.6,melissa
2021-22,Newham,63.1,10.7,26.3,501.0,1056.1,melissa
2021-22,Redbridge,63.2,11.5,25.3,498.0,924.3,melissa
2021-22,Richmond upon Thames,74.0,8.4,17.6,477.0,612.2,melissa
2021-22,Southwark,66.9,9.9,23.2,521.0,1001.0,melissa
2021-22,Sutton,62.5,10.3,27.2,521.0,625.3,melissa
2021-22,Tower Hamlets,67.2,11.7,21.2,540.0,1023.7,melissa
2021-22,Waltham Forest,65.5,10.6,23.9,498.0,834.5,melissa
2021-22,Wandsworth,74.3,10.5,15.2,485.0,1051.7,melissa
2021-22,Westminster,71.1,8.4,20.5,513.0,883.5,melissa
2022-23,Barking and Dagenham,52.2,9.9,37.9,501.0,602.2,simrith_2223
2022-23,Barnet,74.3,8.7,17.0,489.0,1177.7,simrith_2223
2022-23,Bexley,64.0,9.9,26.1,493.0,729.7,simrith_2223
2022-23,Brent,60.8,12.5,26.6,507.0,1023.9,simrith_2223
2022-23,Bromley,67.6,10.4,22.0,498.0,1007.8,simrith_2223
2022-23,Camden,74.0,8.8,17.3,509.0,676.5,simrith_2223
2022-23,City of London,49.9,14.9,35.3,233.0,31.0,simrith_2223
2022-23,Croydon,65.5,10.7,23.7,522.0,1163.7,simrith_2223
2022-23,Ealing,68.4,6.4,25.2,525.0,1091.8,simrith_2223
2022-23,Enfield,60.3,9.4,30.3,500.0,981.0,simrith_2223
2022-23,Greenwich,61.8,11.7,26.5,991.0,872.3,simrith_2223
2022-23,Hackney,67.0,7.3,25.6,496.0,787.9,simrith_2223
2022-23,Hammersmith and Fulham,73.6,9.6,16.9,495.0,583.4,simrith_2223
2022-23,Haringey,67.6,9.6,22.8,532.0,809.8,simrith_2223
2022-23,Harrow,61.0,12.6,26.4,479.0,786.1,simrith_2223
2022-23,Havering,63.8,10.6,25.6,480.0,808.7,simrith_2223
2022-23,Hillingdon,59.4,11.5,29.1,490.0,902.0,simrith_2223
2022-23,Hounslow,57.8,13.0,29.2,488.0,839.9,simrith_2223
2022-23,Islington,75.1,8.2,16.7,507.0,700.7,simrith_2223
2022-23,Kensington and Chelsea,69.5,8.8,21.7,490.0,458.5,simrith_2223
2022-23,Kingston upon Thames,69.4,10.6,20.1,501.0,513.1,simrith_2223
2022-23,Lambeth,71.3,9.4,19.3,518.0,1012.5,simrith_2223
2022-23,Lewisham,69.2,9.1,21.7,507.0,909.9,simrith_2223
2022-23,Merton,66.1,10.1,23.7,507.0,645.1,simrith_2223
2022-23,Newham,56.2,11.0,32.8,482.0,998.2,simrith_2223
2022-23,Redbridge,60.0,11.8,28.2,492.0,900.2,simrith_2223
2022-23,Richmond upon Thames,76.6,9.4,14.1,522.0,599.9,simrith_2223
2022-23,Southwark,71.8,9.3,18.8,514.0,958.9,simrith_2223
2022-23,Sutton,73.1,10.4,16.5,461.0,630.1,simrith_2223
2022-23,Tower Hamlets,65.7,8.3,26.0,504.0,952.3,simrith_2223
2022-23,Waltham Forest,59.2,8.2,32.6,525.0,820.2,simrith_2223
2022-23,Wandsworth,79.2,8.7,12.1,505.0,1024.1,simrith_2223
2022-23,Westminster,68.7,7.0,24.3,485.0,681.6,simrith_2223
